{
  "lr": [
    0.01,
    0.009997532801828659,
    0.00999013364214136,
    0.009977809823015401,
    0.009960573506572392,
    0.00993844170297569,
    0.009911436253643446,
    0.009879583809693738,
    0.009842915805643155,
    0.009801468428384716,
    0.009755282581475767,
    0.009704403844771127,
    0.009648882429441256,
    0.009588773128419903,
    0.009524135262330096,
    0.009455032620941838,
    0.009381533400219317,
    0.009303710135019717,
    0.009221639627510075,
    0.00913540287137281,
    0.009045084971874739,
    0.008950775061878451,
    0.008852566213878947,
    0.008750555348152299,
    0.00864484313710706,
    0.008535533905932738,
    0.008422735529643444,
    0.00830655932661826,
    0.00818711994874345,
    0.008064535268264884,
    0.007938926261462368,
    0.007810416889260655,
    0.0076791339748949845,
    0.007545207078751858,
    0.007408768370508578,
    0.0072699524986977355,
    0.007128896457825365,
    0.006985739453173905,
    0.006840622763423393,
    0.00669368960122646,
    0.00654508497187474,
    0.00639495553019615,
    0.006243449435824276,
    0.006090716206982716,
    0.005936906572928627,
    0.005782172325201158,
    0.0056266661678215256
  ],
  "train_loss": [
    0.049549550919097574,
    0.011081263691601858,
    0.0065866323653027935,
    0.004607103332662908,
    0.0037194255737563425,
    0.0030963678815979718,
    0.00235152093774708,
    0.002015812945846741,
    0.0019311170081413199,
    0.0016513424479422778,
    0.0014191067846329745,
    0.0013026258849931946,
    0.001096667902511505,
    0.0009076751653495225,
    0.0009265956242013036,
    0.0009186103599279939,
    0.000850272165852261,
    0.0007713110016895313,
    0.000796116502956318,
    0.0006445583703506428,
    0.0006989983403286998,
    0.0005072383205012753,
    0.00041214491781722964,
    0.0005380267669587302,
    0.0005357427455482436,
    0.0004371160467392717,
    0.00036777766416317483,
    0.0006066784400109561,
    0.0005383583126498062,
    0.00039479619033830815,
    0.00031860915223599933,
    0.00046893207846344985,
    0.0002527627683528571,
    0.00023612729350548333,
    0.00021564518679189945,
    0.0002699173915556887,
    0.0004654395800005104,
    0.00038860611708735386,
    0.0001980464490190203,
    0.0001722703518264834,
    0.00016133308689937276,
    0.00035876858748689315,
    0.0003523561289627816,
    0.00021902770578590956,
    0.0004082476390019684,
    0.0001764589027635646,
    0.00018408115448556152
  ],
  "train_f1": [
    0.697919365261759,
    0.8784274588837218,
    0.933949084941337,
    0.9541031379811903,
    0.9635517030366106,
    0.9674064732396426,
    0.9747825299718359,
    0.9774412294939673,
    0.9797143481354803,
    0.9812819626592522,
    0.9839245401789298,
    0.985288448993189,
    0.9871505167040814,
    0.989486940483465,
    0.9886746400682622,
    0.9899465474015399,
    0.990689139414962,
    0.9909350836368638,
    0.9909246867083695,
    0.9923709125363335,
    0.9929233952710048,
    0.9939990491152605,
    0.9943831922967468,
    0.9940332662261424,
    0.9946194179486645,
    0.9949503160781102,
    0.9951524225251408,
    0.9943777624045662,
    0.9945965509318497,
    0.9960514112837927,
    0.9962476359887024,
    0.9958794057093632,
    0.9971512719483989,
    0.9971975460654917,
    0.9976373477118722,
    0.9976700945142747,
    0.9964048547846328,
    0.9967472975934223,
    0.9979242010659746,
    0.998354336657103,
    0.9985594450694002,
    0.9976186754693952,
    0.9975105108952418,
    0.9979340408164358,
    0.9973413253465677,
    0.9983216599090049,
    0.9982176281561006
  ],
  "train_acc": [
    0.7619449767759119,
    0.8887160165004709,
    0.9366518335661156,
    0.9554129989930815,
    0.9643648293110728,
    0.9680806834053334,
    0.9751875791730276,
    0.9777698379186021,
    0.9799818105044337,
    0.981514925130737,
    0.9840971838763114,
    0.9854321629259103,
    0.9872673531035827,
    0.9895637769188294,
    0.988764738363595,
    0.9900185143079872,
    0.9907493422548478,
    0.9909929515704681,
    0.9909832071978433,
    0.9924123818494819,
    0.9929580667164712,
    0.994026699580992,
    0.9944067301133596,
    0.9940591808230747,
    0.9946405950563549,
    0.9949686556013903,
    0.995170039302303,
    0.994400233864943,
    0.9946178581868971,
    0.9960632734595771,
    0.9962581609120733,
    0.9958911228765388,
    0.997157891317764,
    0.9972033650566797,
    0.9976418618247962,
    0.9976743430668789,
    0.9964140708740702,
    0.9967551239159386,
    0.9979276967551239,
    0.9983564491506155,
    0.9985610809757365,
    0.9976223730795466,
    0.9975151849806737,
    0.9979374411277487,
    0.9973462825218437,
    0.9983239679085328,
    0.9982200279338682
  ],
  "val_loss": [
    0.022274337672782175,
    0.018850365784742588,
    0.015890136555524417,
    0.028208569042583547,
    0.015093359748100482,
    0.013005644376321868,
    0.022246649801884823,
    0.017896087306723433,
    0.013989473094607623,
    0.013659041926905612,
    0.012998458150620527,
    0.013493735477434543,
    0.013191031327683624,
    0.016164598238919477,
    0.01562834773280486,
    0.014524558662477592,
    0.014829911193409167,
    0.017479704758478723,
    0.013520475782429148,
    0.0151648770948421,
    0.016865814313771727,
    0.014505844187509671,
    0.014548559486639948,
    0.020528405985485346,
    0.015297637435421686,
    0.01777601817586613,
    0.015017483355160984,
    0.018236768923053356,
    0.017644432061926847,
    0.014512328458030186,
    0.014843001951959698,
    0.017514929885171282,
    0.016980341261886262,
    0.017004927412503076,
    0.014148342344306356,
    0.019370597618971374,
    0.013833193978728744,
    0.022413668288774134,
    0.019024007562497062,
    0.016697402570853847,
    0.0168544181029327,
    0.017121361610742434,
    0.017531354497319643,
    0.015639141784932576,
    0.016922601750425686,
    0.01834812697034597,
    0.014723205880374417
  ],
  "val_f1": [
    0.4896215971841856,
    0.6047677255888887,
    0.6406613192882997,
    0.6915006963930667,
    0.6943194875477939,
    0.7504306299821775,
    0.7196515706673454,
    0.6654466694028691,
    0.7866452726019754,
    0.8390222854067819,
    0.758983953723039,
    0.7925298502333605,
    0.8460041657884965,
    0.8710474909680833,
    0.7373817129406366,
    0.8142535635550274,
    0.859980332044942,
    0.878666286105115,
    0.8189434288901998,
    0.8720481776281839,
    0.7559938664104944,
    0.8857115150484983,
    0.785382457970265,
    0.9101197811456094,
    0.8862266260725962,
    0.797405306815018,
    0.9009109712153052,
    0.8539431362409873,
    0.895277164259508,
    0.9072760080027761,
    0.8766636985402428,
    0.9167860904196654,
    0.8968989106083193,
    0.9129974494109548,
    0.8916898931629579,
    0.9161832129874371,
    0.8942141311650031,
    0.9166157461681899,
    0.9148685854756119,
    0.9075254731893366,
    0.9057885828089542,
    0.9109943534595955,
    0.8812197597893612,
    0.901191536420162,
    0.9057156843737756,
    0.9141826699392303,
    0.9003371186217498
  ],