{
  "lr": [
    0.01,
    0.009997532801828659,
    0.00999013364214136,
    0.009977809823015401,
    0.009960573506572392,
    0.00993844170297569,
    0.009911436253643446,
    0.009879583809693738,
    0.009842915805643155,
    0.009801468428384716,
    0.009755282581475767,
    0.009704403844771127,
    0.009648882429441256,
    0.009588773128419903,
    0.009524135262330096,
    0.009455032620941838,
    0.009381533400219317,
    0.009303710135019717,
    0.009221639627510075,
    0.00913540287137281,
    0.009045084971874739,
    0.008950775061878451,
    0.008852566213878947,
    0.008750555348152299,
    0.00864484313710706,
    0.008535533905932738,
    0.008422735529643444,
    0.00830655932661826,
    0.00818711994874345,
    0.008064535268264884,
    0.007938926261462368,
    0.007810416889260655,
    0.0076791339748949845,
    0.007545207078751858,
    0.007408768370508578,
    0.0072699524986977355,
    0.007128896457825365,
    0.006985739453173905,
    0.006840622763423393,
    0.00669368960122646,
    0.00654508497187474,
    0.00639495553019615,
    0.006243449435824276,
    0.006090716206982716,
    0.005936906572928627,
    0.005782172325201158,
    0.0056266661678215256,
    0.005470541566592575,
    0.0053139525976465705,
    0.005157053795390645,
    0.005000000000000004,
    0.004842946204609362,
    0.004686047402353437,
    0.004529458433407432,
    0.0043733338321784825,
    0.004217827674798849,
    0.00406309342707138,
    0.003909283793017292,
    0.0037565505641757287,
    0.0036050444698038572,
    0.003454915028125267,
    0.003306310398773546
  ],
  "train_loss": [
    0.08387418705133949,
    0.014423028329241763,
    0.007488870447807723,
    0.004729632149690086,
    0.00333604307404734,
    0.0025061400294561693,
    0.0019967817568194266,
    0.0016118619857093317,
    0.001322173942662857,
    0.0011995896900843764,
    0.0009812970870639306,
    0.0008405276937641518,
    0.0008006939565147802,
    0.0006766907294450757,
    0.00064040249461727,
    0.0005872298285022488,
    0.0005296023064948832,
    0.0004978148925628082,
    0.0004665759178338584,
    0.00041897598631284556,
    0.0003926398962718251,
    0.00039656574258405694,
    0.0003430109891080234,
    0.0003332760371099656,
    0.0003109322344488943,
    0.00030204299944297747,
    0.0002713264543895293,
    0.00028235561754477576,
    0.0002681525432460223,
    0.00024569332236567794,
    0.0002364850832135391,
    0.00022547467883634993,
    0.0002284889962073018,
    0.00020818030496612313,
    0.0001997015895034465,
    0.00019419357672371203,
    0.00018479781528293524,
    0.00017746918800310584,
    0.00018450663524839886,
    0.0001751377749647647,
    0.00016646298148754532,
    0.0001625978595762817,
    0.00015786727038872038,
    0.00016416711167036442,
    0.00014893439769848865,
    0.00015308362993973583,
    0.0001425708284716176,
    0.00014395292648916767,
    0.00014609334409463812,
    0.00014055999240505089,
    0.00012977627603351043,
    0.00013506052786017527,
    0.0001280986106801006,
    0.0001276783952425415,
    0.00012819720548672866,
    0.00012289831237186056,
    0.00012261856709384517,
    0.00011876856666943392,
    0.00011893950548608122,
    0.000115876640829856,
    0.0001140248422365681,
    0.00011015286153657992
  ],
  "train_f1": [
    0.6464159499285606,
    0.7776637777575756,
    0.8774305532783607,
    0.9227835895990463,
    0.945347500242088,
    0.9587665930011056,
    0.9666828249540513,
    0.972799634887747,
    0.9768819024275016,
    0.980358568826299,
    0.982861669726604,
    0.9849113682221242,
    0.9860947434710801,
    0.9877037245594297,
    0.9887264576964231,
    0.9898091414343849,
    0.9905007903468641,
    0.9912820288023007,
    0.991843776790471,
    0.9925978173983383,
    0.9929677837863844,
    0.9930340501213063,
    0.9937424049219226,
    0.994345556311553,
    0.9945783527585362,
    0.994666403900532,
    0.995219782065807,
    0.994941769478972,
    0.9954521851744811,
    0.9956027385199506,
    0.9957856621007755,
    0.9961292025339702,
    0.9961290917652736,
    0.9964622957352338,
    0.9964591246460355,
    0.9967041496117528,
    0.9968769193820981,
    0.9970664568802882,
    0.9968150215145313,
    0.9971773111893141,
    0.9971024694066912,
    0.9972782827561272,
    0.9973241712729921,
    0.9972688222090568,
    0.9974839259429386,
    0.9976697771945856,
    0.9977416572504827,
    0.997761041309958,
    0.9976503158079024,
    0.9977610744310083,
    0.9979632089906403,
    0.9977447084141641,
    0.9979893509044017,
    0.9979730420294788,
    0.9980610164450396,
    0.9981684931988013,
    0.998054497776419,
    0.9982173016758011,
    0.9982075810400485,
    0.9982987712355682,
    0.9983248869396235,
    0.9983150361676646
  ],
  "train_acc": [
    0.7178614350212752,
    0.8227498619547211,
    0.8898106343586579,
    0.9272809952252574,
    0.9475330496638191,
    0.9599993503751584,
    0.9674927729236366,
    0.9733458927469386,
    0.9772793711631533,
    0.9806411797187125,
    0.983080520999123,
    0.9850846136356254,
    0.9862376977295612,
    0.9878195342189885,
    0.9888232045993439,
    0.9898885893396564,
    0.990570695423393,
    0.9913405008607529,
    0.991895930100367,
    0.9926397505440608,
    0.9930067885795952,
    0.9930717510637607,
    0.9937733458927469,
    0.9943710007470685,
    0.9946016175658557,
    0.994689316919479,
    0.9952382499106766,
    0.9949621593529736,
    0.9954688667294638,
    0.9956182804430441,
    0.9958001753987072,
    0.9961412284405756,
    0.9961412284405756,
    0.9964725371098191,
    0.9964692889856108,
    0.996712898301231,
    0.9968850488842693,
    0.997073440088349,
    0.9968233345243122,
    0.9971838763114301,
    0.9971091694546399,
    0.9972845681618865,
    0.9973300419008023,
    0.9972748237892617,
    0.9974891999870075,
    0.9976743430668789,
    0.9977458017994608,
    0.9977652905447104,
    0.9976548543216293,
    0.9977652905447104,
    0.9979666742456231,
    0.9977490499236691,
    0.9979926592392893,
    0.9979764186182479,
    0.9980641179718712,
    0.9981713060707441,
    0.9980576217234547,
    0.9982200279338682,
    0.9982102835612434,
    0.998301231039075,
    0.9983272160327411,
    0.9983174716601163
  ],
  "val_loss": [
    0.038390187944457366,
    0.02286370650150822,
    0.017938347352505886,
    0.016927251890663384,
    0.01749766246840647,
    0.016952719711201283,
    0.017729791218089392,
    0.016842033952537888,
    0.01689374265916537,
    0.01590207060663373,
    0.016444657381072425,
    0.016384906220833037,
    0.016713860770800486,
    0.018054842793787333,
    0.019126009371796242,
    0.016833159485967485,
    0.018267570142871566,
    0.019293163194675993,
    0.01876662969908528,
    0.01855222905733966,
    0.020159270885362044,
    0.019563286848935903,
    0.019862783112612924,
    0.01877096047861167,
    0.019504560639847804,
    0.01857596981362892,
    0.019847274311580548,
    0.019385087488471186,
    0.020496848048371017,
    0.020057359848437647,
    0.01945302614818431,
    0.02065790843645798,
    0.021973013929436118,
    0.02058684839650896,
    0.019989319801787187,
    0.020612394602704247,
    0.02067702473543903,
    0.022589881400828075,
    0.02080718871122407,
    0.019572875893802508,
    0.020430297895958557,
    0.02265184212874992,
    0.021101214063200688,
    0.0203673234226372,
    0.020248172164005138,
    0.019392246172200544,
    0.020591945951380395,
    0.02111148490760932,
    0.021959392653124913,
    0.02047403191780848,
    0.02058150455153189,
    0.021240248688857197,
    0.020587066227094906,
    0.020281423282990676,
    0.020421290786490996,
    0.01979133971015701,
    0.020431170975622717,
    0.020658722677430845,
    0.020222480991489065,
    0.02100533255400222,
    0.020738464122348765,
    0.02088441453692283
  ],