{
  "lr": [
    0.01,
    0.009997532801828659,
    0.00999013364214136,
    0.009977809823015401,
    0.009960573506572392,
    0.00993844170297569,
    0.009911436253643446,
    0.009879583809693738,
    0.009842915805643155,
    0.009801468428384716,
    0.009755282581475767,
    0.009704403844771127,
    0.009648882429441256,
    0.009588773128419903,
    0.009524135262330096,
    0.009455032620941838,
    0.009381533400219317,
    0.009303710135019717,
    0.009221639627510075,
    0.00913540287137281,
    0.009045084971874739,
    0.008950775061878451,
    0.008852566213878947,
    0.008750555348152299,
    0.00864484313710706,
    0.008535533905932738,
    0.008422735529643444,
    0.00830655932661826,
    0.00818711994874345,
    0.008064535268264884,
    0.007938926261462368,
    0.007810416889260655,
    0.0076791339748949845,
    0.007545207078751858,
    0.007408768370508578,
    0.0072699524986977355,
    0.007128896457825365,
    0.006985739453173905,
    0.006840622763423393,
    0.00669368960122646,
    0.00654508497187474,
    0.00639495553019615,
    0.006243449435824276,
    0.006090716206982716,
    0.005936906572928627,
    0.005782172325201158,
    0.0056266661678215256,
    0.005470541566592575
  ],
  "train_loss": [
    0.02943063978888079,
    0.004100043320834229,
    0.0018751364217510363,
    0.00119290081969657,
    0.0008559272669499281,
    0.0005201683151043247,
    0.00038424846028486877,
    0.00032638028822782407,
    0.00024087616840684527,
    0.00022199863974813782,
    0.00034998869002922546,
    0.00020905503146247746,
    0.00021386338376781116,
    0.00015416110731233086,
    0.00012418191892874872,
    0.00010577595634321107,
    9.282972123593908e-05,
    7.48684792285628e-05,
    8.880932465570546e-05,
    0.0011590669552938762,
    0.0003684396614628918,
    0.0004019159471871394,
    0.0001066702859076781,
    8.022410535507825e-05,
    6.562513397274403e-05,
    6.848986694533802e-05,
    6.645400768246451e-05,
    7.328128412308383e-05,
    6.5992385040779e-05,
    7.028006376615003e-05,
    7.294074617850903e-05,
    6.830732605349544e-05,
    6.503950229246433e-05,
    6.979685872333476e-05,
    7.111794676028129e-05,
    7.504662436089466e-05,
    7.087853477028226e-05,
    7.000193225172198e-05,
    9.647017740888256e-05,
    9.021630369240611e-05,
    8.050101270135606e-05,
    9.090716015943282e-05,
    7.71533463823685e-05,
    7.63241519994074e-05,
    6.661956996183454e-05,
    7.331342006447604e-05,
    8.142472884026489e-05,
    7.705187977515353e-05
  ],
  "train_f1": [
    0.810756330200938,
    0.9487858202337861,
    0.9751797403589556,
    0.9837262574842078,
    0.9882446155528222,
    0.9914318073062616,
    0.9943015795622804,
    0.9948607563037741,
    0.9961789352376387,
    0.9963585634961895,
    0.9958932243228782,
    0.996854875517126,
    0.9970932071601046,
    0.9976765667385555,
    0.9982728350151232,
    0.9985659743410036,
    0.9988653888156197,
    0.9991711368578808,
    0.999073567248278,
    0.9898526375460632,
    0.9951204267343143,
    0.9956280140680029,
    0.9986211717714013,
    0.9990768185418195,
    0.9994313094200706,
    0.9994540704873185,
    0.9994995757125029,
    0.9994378152933964,
    0.9995353356576467,
    0.9995645934707413,
    0.9994930790070052,
    0.9996815959372256,
    0.9997400945356896,
    0.999626344892748,
    0.9996166025302976,
    0.9996588507047603,
    0.9996913516366626,
    0.9996913523157227,
    0.9993598275796268,
    0.9993663130903119,
    0.9995288665190504,
    0.9995093544460406,
    0.9996588537412358,
    0.999678344988479,
    0.9998343221751591,
    0.9997888383156381,
    0.999619855374388,
    0.999704353111569
  ],
  "train_acc": [
    0.8347906583947771,
    0.9504855945691363,
    0.9755870984506447,
    0.9839087926722317,
    0.9883392340923117,
    0.9914834183259168,
    0.9943255270081528,
    0.994880956247767,
    0.9961899503036996,
    0.9963685971351545,
    0.9959041153733719,
    0.9968623120148115,
    0.9970994250820151,
    0.9976808393152954,
    0.9982752460454087,
    0.998567577224153,
    0.9988664046513138,
    0.9991717283268913,
    0.9990742846006432,
    0.9899113262091143,
    0.9951375580602202,
    0.995641017312502,
    0.9986227953356936,
    0.9990775327248514,
    0.9994315782635528,
    0.9994543151330106,
    0.9994997888719265,
    0.9994380745119693,
    0.9995355182382174,
    0.9995647513560919,
    0.9994932926235099,
    0.9996816838275896,
    0.9997401500633384,
    0.999626465716049,
    0.9996167213434242,
    0.9996589469581317,
    0.9996914282002144,
    0.9996914282002144,
    0.9993601195309708,
    0.9993666157793875,
    0.9995290219898009,
    0.9995095332445513,
    0.9996589469581317,
    0.9996784357033813,
    0.9998343456653782,
    0.9997888719264625,
    0.9996199694676324,
    0.9997044206970475
  ],
  "val_loss": [
    0.022233280226660584,
    0.014915233767293031,
    0.015220645930419125,
    0.01889098146184375,
    0.02185200138025447,
    0.019980724171528512,
    0.021469474461465653,
    0.020242191370078183,
    0.023147243791083506,
    0.0190633430110502,
    0.02004207331351741,
    0.022915862311563315,
    0.02014702937647828,
    0.022572837734806298,
    0.020818470006771766,
    0.021927039757535117,
    0.020441257265560727,
    0.02262167293583755,
    0.020560133439679155,
    0.02566968630863697,
    0.01858931568627332,
    0.019772131301879287,
    0.020856995633736906,
    0.020085874464332413,
    0.01999621045548532,
    0.019471877139560834,
    0.0180431407975845,
    0.018280405551477707,
    0.019538525865419678,
    0.018783311305685734,
    0.01861812546315916,
    0.01927886301475985,
    0.019063578066830036,
    0.019130611964419144,
    0.019201286932735297,
    0.019900048018614135,
    0.01772339979984325,
    0.01982638431982902,
    0.020270369988422528,
    0.0186345020605215,
    0.018073507416542695,
    0.01865778705506423,
    0.018477219044178886,
    0.017949392814823547,
    0.017929796509404308,
    0.0185751791481627,
    0.018978963775878988,
    0.01576297098587214
  ],
  "val_f1": [
    0.558390439753506,
    0.6855775831577778,
    0.7119431416279143,
    0.7932209514659663,
    0.8436654041086022,
    0.8478617016932463,
    0.8780738266826985,
    0.8554088691518107,
    0.8791812923904463,
    0.8799095685058352,
    0.873724280955542,
    0.9045757690999885,
    0.8926324551707798,
    0.898604739615126,
    0.9058491082259881,
    0.9112950108438364,
    0.9123087850906467,
    0.9120573810305392,
    0.9101077961191939,
    0.7304325911851144,
    0.8954671146468508,
    0.9039898873641693,
    0.9062415108271976,
    0.9163797129086172,
    0.907054732645148,
    0.9205694495629473,
    0.863125890182167,
    0.9079124027904271,
    0.9199207361239446,
    0.9168728256541236,
    0.9194982724068922,
    0.9184430272410044,
    0.921686980770383,
    0.9188092743361331,
    0.9121837367900121,
    0.9204990298969837,
    0.9216234002676069,
    0.9203975205614737,
    0.885221467362476,
    0.8323113203409103,
    0.9182346384751984,
    0.9152540814583177,
    0.9154784255539686,
    0.9213399318341546,
    0.9212754274032685,
    0.9211813503843427,
    0.9187155162450733,
    0.867016116800116
  ],